id;title;author;description
1;Handmade Cotton Table CSS;Mayotte Dynamic SAS;digital forecast Bahrain
2;Principal Baht radical;Configuration mobile intuitive;Center
3;Georgia generate;Designer calculating;Overpass toolset
4;architectures synthesizing Industrial;Cotton Representative software;Bedfordshire calculating Toys
5;connecting;Games;Personal Loan Account bleeding-edge payment
6;markets;ivory Mouse;programming Licensed Plastic Bacon Consultant
7;Berkshire Developer orchestrate;online withdrawal payment;Handmade Wooden Shoes
8;navigating Club Practical Granite Chicken;generate Health deposit;Cambridgeshire Computer
9;e-business Czech Koruna back-end;Producer hard drive;mobile Product programming
10;Checking Account Industrial;back-end Future-proofed compressing;Table green Dominica
